episode,step,front,back,state,allowed_actions,action,reward,next_front,next_back,next_state,q_value,epsilon
1,0,225,55,F:medium|B:blocked,slow_forward|turn_left|turn_right,slow_forward,2.9,204,77,F:medium|B:blocked,0.9134,0.15
1,1,204,77,F:medium|B:blocked,slow_forward|turn_left|turn_right,slow_forward,2.7,181,96,F:medium|B:clear,1.2983,0.15
1,2,181,96,F:medium|B:clear,slow_forward|turn_left|turn_right,turn_left,-3.0,132,352,F:near|B:clear,-0.4925,0.15
1,3,132,352,F:near|B:clear,turn_left|turn_right,turn_left,-8.0,384,119,F:clear|B:clear,-1.1148,0.15
1,4,384,119,F:clear|B:clear,forward|slow_forward,slow_forward,3.9,363,137,F:clear|B:clear,0.9862,0.15
1,5,363,137,F:clear|B:clear,forward|slow_forward,slow_forward,3.7,340,270,F:clear|B:clear,1.6309,0.15
1,6,340,270,F:clear|B:clear,forward|slow_forward,slow_forward,3.7,317,294,F:medium|B:clear,2.0667,0.15
1,7,317,294,F:medium|B:clear,slow_forward|turn_left|turn_right,slow_forward,2.5,292,604,F:medium|B:clear,0.8414,0.15
1,8,292,604,F:medium|B:clear,slow_forward|turn_left|turn_right,slow_forward,2.7,269,629,F:medium|B:clear,1.3092,0.15
1,9,269,629,F:medium|B:clear,slow_forward|turn_left|turn_right,slow_forward,1.6,235,999,F:medium|B:clear,1.5689,0.15
1,10,235,999,F:medium|B:clear,slow_forward|turn_left|turn_right,slow_forward,3.0,215,673,F:medium|B:clear,2.075,0.15
1,11,215,673,F:medium|B:clear,slow_forward|turn_left|turn_right,slow_forward,3.6,201,999,F:medium|B:clear,2.6782,0.15
1,12,201,999,F:medium|B:clear,slow_forward|turn_left|turn_right,slow_forward,-12.0,180,999,F:near|B:clear,0.0836,0.15
1,13,180,999,F:near|B:clear,turn_left|turn_right,turn_left,-4.0,121,138,F:near|B:clear,-0.4265,0.15
1,14,121,138,F:near|B:clear,turn_left|turn_right,turn_left,-8.0,422,156,F:clear|B:clear,-0.8666,0.15
1,15,422,156,F:clear|B:clear,forward|slow_forward,slow_forward,5.4,416,178,F:clear|B:clear,2.9941,0.15
1,16,416,178,F:clear|B:clear,forward|slow_forward,slow_forward,-4.0,276,195,F:medium|B:clear,1.7985,0.15
1,17,276,195,F:medium|B:clear,slow_forward|turn_left|turn_right,slow_forward,2.6,252,117,F:medium|B:clear,0.8594,0.15
1,18,252,117,F:medium|B:clear,slow_forward|turn_left|turn_right,slow_forward,1.9,221,145,F:medium|B:clear,1.1828,0.15
1,19,221,145,F:medium|B:clear,slow_forward|turn_left|turn_right,slow_forward,-25.0,32,999,F:extreme|B:clear,-3.4667,0.15
1,20,32,999,F:extreme|B:clear,escape_left|escape_right,escape_left,20.4,116,108,F:near|B:clear,4.0475,0.15
1,21,116,108,F:near|B:clear,turn_left|turn_right,turn_left,-8.0,90,120,F:danger|B:clear,-1.1386,0.15
1,22,90,120,F:danger|B:clear,turn_left|turn_right,turn_right,14.6,136,106,F:near|B:clear,2.9625,0.15
1,23,136,106,F:near|B:clear,turn_left|turn_right,turn_left,-4.0,110,125,F:near|B:clear,-0.4265,0.15
1,24,110,125,F:near|B:clear,turn_left|turn_right,turn_left,-8.0,136,999,F:near|B:clear,-1.1465,0.15
1,25,136,999,F:near|B:clear,turn_left|turn_right,turn_right,-4.0,87,173,F:danger|B:clear,-0.0047,0.15
1,26,87,173,F:danger|B:clear,turn_left|turn_right,turn_right,-8.0,257,115,F:medium|B:clear,1.0526,0.15
1,27,257,115,F:medium|B:clear,slow_forward|turn_left|turn_right,slow_forward,3.6,243,137,F:medium|B:clear,1.0394,0.15
1,28,243,137,F:medium|B:clear,slow_forward|turn_left|turn_right,slow_forward,2.1,214,121,F:medium|B:clear,1.3949,0.15
1,29,214,121,F:medium|B:clear,slow_forward|turn_left|turn_right,slow_forward,2.3,187,139,F:medium|B:clear,1.7788,0.15
1,30,187,139,F:medium|B:clear,slow_forward|turn_left|turn_right,slow_forward,-12.0,161,106,F:near|B:clear,-0.6539,0.15
1,31,161,106,F:near|B:clear,turn_left|turn_right,turn_left,-4.0,74,999,F:danger|B:clear,-0.3073,0.15
1,32,74,999,F:danger|B:clear,turn_left|turn_right,turn_right,15.8,132,168,F:near|B:clear,3.7547,0.15
1,33,132,168,F:near|B:clear,turn_left|turn_right,turn_left,20.0,296,134,F:medium|B:clear,3.9094,0.15
1,34,296,134,F:medium|B:clear,slow_forward|turn_left|turn_right,slow_forward,-12.0,161,144,F:near|B:clear,-1.2128,0.15
1,35,161,144,F:near|B:clear,turn_left|turn_right,turn_left,-4.0,165,999,F:near|B:clear,3.1049,0.15
1,36,165,999,F:near|B:clear,turn_left|turn_right,turn_left,-8.0,97,144,F:danger|B:clear,1.7008,0.15
1,0,153,281,F:near|B:clear,turn_left|turn_right,turn_left,-4.0,153,280,F:near|B:clear,0.944,0.15
1,1,153,280,F:near|B:clear,turn_left|turn_right,turn_left,-8.0,137,268,F:near|B:clear,-0.5164,0.15
1,2,137,268,F:near|B:clear,turn_left|turn_right,turn_right,-4.0,138,269,F:near|B:clear,-0.4265,0.15
1,3,138,269,F:near|B:clear,turn_left|turn_right,turn_left,-4.0,136,268,F:near|B:clear,-0.4265,0.15
1,4,136,268,F:near|B:clear,turn_left|turn_right,turn_left,-8.0,137,267,F:near|B:clear,-1.1465,0.15
1,5,137,267,F:near|B:clear,turn_left|turn_right,turn_right,-4.0,137,269,F:near|B:clear,-0.4265,0.15
1,6,137,269,F:near|B:clear,turn_left|turn_right,turn_left,-4.0,139,269,F:near|B:clear,-0.4265,0.15
1,0,136,268,F:near|B:clear,turn_left|turn_right,turn_left,-4.0,137,269,F:near|B:clear,-0.4265,0.15
1,1,137,269,F:near|B:clear,turn_left|turn_right,turn_left,-8.0,154,154,F:near|B:clear,-1.1465,0.15
1,2,154,154,F:near|B:clear,turn_left|turn_right,turn_right,-4.0,158,154,F:near|B:clear,-0.4265,0.15
1,3,158,154,F:near|B:clear,turn_left|turn_right,turn_left,-4.0,157,154,F:near|B:clear,-0.4265,0.15
1,4,157,154,F:near|B:clear,turn_left|turn_right,turn_right,-4.0,156,153,F:near|B:clear,-0.4265,0.15
1,5,156,153,F:near|B:clear,turn_left|turn_right,turn_left,-4.0,155,154,F:near|B:clear,-0.4265,0.15
1,6,155,154,F:near|B:clear,turn_left|turn_right,turn_left,-8.0,154,154,F:near|B:clear,-1.1465,0.15
1,7,154,154,F:near|B:clear,turn_left|turn_right,turn_right,-4.0,154,154,F:near|B:clear,-0.4265,0.15
1,8,154,154,F:near|B:clear,turn_left|turn_right,turn_left,-4.0,155,154,F:near|B:clear,-0.4265,0.15
1,9,155,154,F:near|B:clear,turn_left|turn_right,turn_left,-8.0,155,154,F:near|B:clear,-1.1465,0.15
1,10,155,154,F:near|B:clear,turn_left|turn_right,turn_right,-4.0,156,153,F:near|B:clear,-0.4265,0.15
1,11,156,153,F:near|B:clear,turn_left|turn_right,turn_left,-4.0,155,154,F:near|B:clear,-0.4265,0.15
1,12,155,154,F:near|B:clear,turn_left|turn_right,turn_left,-8.0,155,154,F:near|B:clear,-1.1465,0.15
1,13,155,154,F:near|B:clear,turn_left|turn_right,turn_right,-4.0,157,154,F:near|B:clear,-0.4265,0.15
1,14,157,154,F:near|B:clear,turn_left|turn_right,turn_left,-4.0,156,154,F:near|B:clear,-0.4265,0.15
1,15,156,154,F:near|B:clear,turn_left|turn_right,turn_left,-8.0,170,138,F:near|B:clear,-1.1465,0.15
1,16,170,138,F:near|B:clear,turn_left|turn_right,turn_right,5.9,179,138,F:near|B:clear,1.3555,0.15
1,17,179,138,F:near|B:clear,turn_left|turn_right,turn_right,-8.0,135,138,F:near|B:clear,-0.1138,0.15
1,18,135,138,F:near|B:clear,turn_left|turn_right,turn_left,-4.0,99,143,F:danger|B:clear,0.1207,0.15
1,19,99,143,F:danger|B:clear,turn_left|turn_right,turn_right,12.8,127,153,F:near|B:clear,5.4304,0.15
1,20,127,153,F:near|B:clear,turn_left|turn_right,turn_left,14.5,172,153,F:near|B:clear,2.9035,0.15
1,21,172,153,F:near|B:clear,turn_left|turn_right,turn_left,-8.0,112,153,F:near|B:clear,1.4008,0.15
1,22,112,153,F:near|B:clear,turn_left|turn_right,turn_right,12.8,140,153,F:near|B:clear,2.7719,0.15
1,23,140,153,F:near|B:clear,turn_left|turn_right,turn_right,-8.0,121,153,F:near|B:clear,1.272,0.15
1,24,121,153,F:near|B:clear,turn_left|turn_right,turn_left,-4.0,95,153,F:danger|B:clear,1.2888,0.15
1,25,95,153,F:danger|B:clear,turn_left|turn_right,turn_right,-4.0,76,153,F:danger|B:clear,4.5931,0.15
1,26,76,153,F:danger|B:clear,turn_left|turn_right,turn_right,-8.0,99,153,F:danger|B:clear,3.0538,0.15
1,27,99,153,F:danger|B:clear,turn_left|turn_right,turn_left,-4.0,99,153,F:danger|B:clear,0.0507,0.15
1,28,99,153,F:danger|B:clear,turn_left|turn_right,turn_right,14.2,141,153,F:near|B:clear,5.2643,0.15
1,29,141,153,F:near|B:clear,turn_left|turn_right,turn_left,-4.0,141,153,F:near|B:clear,0.541,0.15
1,30,141,153,F:near|B:clear,turn_left|turn_right,turn_right,-4.0,106,153,F:near|B:clear,0.5245,0.15
1,31,106,153,F:near|B:clear,turn_left|turn_right,turn_left,13.6,142,153,F:near|B:clear,2.9773,0.15
1,32,142,153,F:near|B:clear,turn_left|turn_right,turn_left,-8.0,78,153,F:danger|B:clear,1.8353,0.15
1,33,78,153,F:danger|B:clear,turn_left|turn_right,turn_right,-4.0,85,153,F:danger|B:clear,4.4306,0.15
1,34,85,153,F:danger|B:clear,turn_left|turn_right,turn_right,-8.0,106,153,F:near|B:clear,2.4838,0.15
1,35,106,153,F:near|B:clear,turn_left|turn_right,turn_left,6.3,119,153,F:near|B:clear,2.9296,0.15
1,36,119,153,F:near|B:clear,turn_left|turn_right,turn_left,-8.0,119,142,F:near|B:clear,1.4263,0.15
1,37,119,142,F:near|B:clear,turn_left|turn_right,turn_right,6.4,133,153,F:near|B:clear,1.8081,0.15
1,38,133,153,F:near|B:clear,turn_left|turn_right,turn_right,-8.0,116,153,F:near|B:clear,0.329,0.15
1,39,116,153,F:near|B:clear,turn_left|turn_right,turn_left,12.6,142,999,F:near|B:clear,3.6635,0.15
1,40,142,999,F:near|B:clear,turn_left|turn_right,turn_left,-8.0,121,281,F:near|B:clear,2.1444,0.15
1,41,121,281,F:near|B:clear,turn_left|turn_right,turn_right,7.3,144,283,F:near|B:clear,1.9235,0.15
1,42,144,283,F:near|B:clear,turn_left|turn_right,turn_right,-8.0,144,281,F:near|B:clear,0.4769,0.15
1,0,144,999,F:near|B:clear,turn_left|turn_right,turn_left,-4.0,104,123,F:near|B:clear,-0.4265,0.15
1,1,104,123,F:near|B:clear,turn_left|turn_right,turn_left,-8.0,208,309,F:medium|B:clear,-1.1306,0.15
1,2,208,309,F:medium|B:clear,slow_forward|turn_left|turn_right,slow_forward,2.9,187,999,F:medium|B:clear,0.9134,0.15
1,3,187,999,F:medium|B:clear,slow_forward|turn_left|turn_right,slow_forward,-12.0,167,355,F:near|B:clear,-1.3635,0.15
1,4,167,355,F:near|B:clear,turn_left|turn_right,turn_left,5.9,176,113,F:near|B:clear,1.3555,0.15
1,5,176,113,F:near|B:clear,turn_left|turn_right,turn_left,-8.0,108,194,F:near|B:clear,-0.1138,0.15
1,6,108,194,F:near|B:clear,turn_left|turn_right,turn_right,6.6,124,137,F:near|B:clear,1.4815,0.15
1,7,124,137,F:near|B:clear,turn_left|turn_right,turn_right,-8.0,87,999,F:danger|B:clear,0.3696,0.15
1,8,87,999,F:danger|B:clear,turn_left|turn_right,turn_left,17.9,166,122,F:near|B:clear,3.5675,0.15
1,9,166,122,F:near|B:clear,turn_left|turn_right,turn_right,-4.0,65,999,F:danger|B:clear,0.1778,0.15
1,10,65,999,F:danger|B:clear,turn_left|turn_right,turn_right,-8.0,111,287,F:near|B:clear,1.6864,0.15
1,11,111,287,F:near|B:clear,turn_left|turn_right,turn_left,-4.0,86,999,F:danger|B:clear,0.0911,0.15
1,12,86,999,F:danger|B:clear,turn_left|turn_right,turn_right,-4.0,69,114,F:danger|B:clear,1.2279,0.15
1,13,69,114,F:danger|B:clear,turn_left|turn_right,turn_left,15.2,121,999,F:near|B:clear,5.7089,0.15
1,14,121,999,F:near|B:clear,turn_left|turn_right,turn_left,-8.0,83,96,F:danger|B:clear,-0.2897,0.15
1,15,83,96,F:danger|B:clear,turn_left|turn_right,turn_right,6.5,98,358,F:danger|B:clear,3.0812,0.15
1,16,98,358,F:danger|B:clear,turn_left|turn_right,turn_left,-4.0,75,85,F:danger|B:clear,4.8656,0.15
1,17,75,85,F:danger|B:clear,turn_left|turn_right,turn_left,-8.0,427,177,F:clear|B:clear,2.8347,0.15
1,18,427,177,F:clear|B:clear,forward|slow_forward,slow_forward,-0.8,359,199,F:clear|B:clear,1.6156,0.15
1,19,359,199,F:clear|B:clear,forward|slow_forward,slow_forward,-4.0,216,214,F:medium|B:clear,0.6682,0.15
1,20,216,214,F:medium|B:clear,slow_forward|turn_left|turn_right,slow_forward,-25.0,51,243,F:extreme|B:clear,-3.5309,0.15
1,21,51,243,F:extreme|B:clear,escape_left|escape_right,escape_right,21.9,150,57,F:near|B:blocked,4.3175,0.15
1,22,150,57,F:near|B:blocked,turn_left|turn_right,turn_left,-4.0,135,218,F:near|B:clear,-0.4265,0.15
1,23,135,218,F:near|B:clear,turn_left|turn_right,turn_left,-8.0,121,471,F:near|B:clear,-1.1465,0.15
1,24,121,471,F:near|B:clear,turn_left|turn_right,turn_right,16.0,363,243,F:clear|B:clear,3.2318,0.15
1,25,363,243,F:clear|B:clear,forward|slow_forward,slow_forward,-4.0,187,265,F:medium|B:clear,-0.1087,0.15
1,26,187,265,F:medium|B:clear,slow_forward|turn_left|turn_right,slow_forward,-12.0,166,286,F:near|B:clear,-1.3201,0.15
1,27,166,286,F:near|B:clear,turn_left|turn_right,turn_right,-4.0,89,84,F:danger|B:clear,2.4182,0.15
1,28,89,84,F:danger|B:clear,turn_left|turn_right,turn_right,-8.0,141,119,F:near|B:clear,1.4696,0.15
1,29,141,119,F:near|B:clear,turn_left|turn_right,turn_left,-4.0,120,76,F:near|B:blocked,-0.4265,0.15
1,30,120,76,F:near|B:blocked,turn_left|turn_right,turn_left,-8.0,94,999,F:danger|B:clear,-0.745,0.15
1,31,94,999,F:danger|B:clear,turn_left|turn_right,turn_right,20.0,253,97,F:medium|B:clear,4.8684,0.15
1,32,253,97,F:medium|B:clear,slow_forward|turn_left|turn_right,slow_forward,-2.0,251,115,F:medium|B:clear,0.0314,0.15
1,33,251,115,F:medium|B:clear,slow_forward|turn_left|turn_right,slow_forward,1.8,219,129,F:medium|B:clear,0.7154,0.15
1,34,219,129,F:medium|B:clear,slow_forward|turn_left|turn_right,slow_forward,2.8,197,85,F:medium|B:clear,1.2039,0.15
1,35,197,85,F:medium|B:clear,slow_forward|turn_left|turn_right,turn_left,-20.0,97,311,F:danger|B:clear,-3.2327,0.15
1,36,97,311,F:danger|B:clear,turn_left|turn_right,turn_left,-8.0,98,81,F:danger|B:clear,1.6556,0.15
1,37,98,81,F:danger|B:clear,turn_left|turn_right,turn_right,-4.0,71,209,F:danger|B:clear,4.0433,0.15
1,38,71,209,F:danger|B:clear,turn_left|turn_right,turn_right,-8.0,158,999,F:near|B:clear,2.2585,0.15
1,39,158,999,F:near|B:clear,turn_left|turn_right,turn_left,16.0,501,999,F:clear|B:clear,3.2052,0.15
1,40,501,999,F:clear|B:clear,forward|slow_forward,forward,-12.0,138,82,F:near|B:clear,-1.2423,0.15
1,0,,,F:unknown|B:unknown,stop,stop,3.0,,,F:unknown|B:unknown,0.54,0.12
1,1,,,F:unknown|B:unknown,stop,stop,3.0,,,F:unknown|B:unknown,1.0683,0.12
1,2,,,F:unknown|B:unknown,stop,stop,3.0,133,,F:near|B:unknown,1.4636,0.12
1,3,133,,F:near|B:unknown,turn_left|turn_right,turn_left,13.3,166,,F:near|B:unknown,2.6875,0.12
1,4,166,,F:near|B:unknown,turn_left|turn_right,turn_left,-4.0,106,,F:near|B:unknown,1.9095,0.12
1,5,106,,F:near|B:unknown,turn_left|turn_right,turn_left,12.6,132,,F:near|B:unknown,4.1362,0.12
1,6,132,,F:near|B:unknown,turn_left|turn_right,turn_left,-4.0,105,,F:near|B:unknown,3.3269,0.12
1,7,105,,F:near|B:unknown,turn_left|turn_right,turn_left,-4.0,111,,F:near|B:unknown,2.535,0.12
1,0,398,402,F:clear|B:clear,forward|slow_forward,forward,-2.0,398,,F:clear|B:unknown,0.227,0.1
1,1,398,,F:clear|B:unknown,forward|slow_forward,forward,-12.0,301,,F:medium|B:unknown,-1.5967,0.1
1,2,301,,F:medium|B:unknown,slow_forward,slow_forward,-0.2,249,,F:medium|B:unknown,0.4043,0.1
1,3,249,,F:medium|B:unknown,slow_forward,slow_forward,3.4,233,,F:medium|B:unknown,1.0523,0.1
1,4,233,,F:medium|B:unknown,slow_forward,slow_forward,7.5,258,,F:medium|B:unknown,2.3796,0.1
1,5,258,,F:medium|B:unknown,slow_forward,slow_forward,-20.0,96,,F:danger|B:unknown,-1.5854,0.1
1,6,96,,F:danger|B:unknown,turn_left|turn_right,turn_left,-25.0,42,,F:extreme|B:unknown,-4.1007,0.1
1,7,42,,F:extreme|B:unknown,escape_left|escape_right,escape_left,16.6,88,,F:danger|B:unknown,3.4204,0.1
1,8,88,,F:danger|B:unknown,turn_left|turn_right,turn_left,20.0,201,,F:medium|B:unknown,3.9993,0.1
1,9,201,,F:medium|B:unknown,slow_forward,slow_forward,-2.0,198,,F:medium|B:unknown,0.0803,0.1
1,10,198,,F:medium|B:unknown,slow_forward,slow_forward,-12.0,155,,F:near|B:unknown,-1.7276,0.1
1,11,155,,F:near|B:unknown,soft_left|soft_right,soft_right,-25.0,12,,F:extreme|B:unknown,-3.6302,0.1
1,12,12,,F:extreme|B:unknown,escape_left|escape_right,escape_left,22.0,122,,F:near|B:unknown,6.8281,0.1
1,13,122,,F:near|B:unknown,soft_left|soft_right,soft_left,-4.0,103,,F:near|B:unknown,-0.3286,0.1
1,14,103,,F:near|B:unknown,soft_left|soft_right,soft_left,14.9,152,,F:near|B:unknown,3.0734,0.1
1,15,152,,F:near|B:unknown,soft_left|soft_right,soft_left,-4.0,133,,F:near|B:unknown,2.287,0.1
1,16,133,,F:near|B:unknown,soft_left|soft_right,soft_left,14.3,176,,F:near|B:unknown,4.8116,0.1
1,17,176,,F:near|B:unknown,soft_left|soft_right,soft_left,-8.0,,,F:unknown|B:unknown,2.7373,0.1
1,18,,,F:unknown|B:unknown,stop,stop,3.0,,,F:unknown|B:unknown,1.9719,0.1
1,19,,,F:unknown|B:unknown,stop,stop,3.0,172,,F:near|B:unknown,2.5906,0.1
1,20,172,,F:near|B:unknown,soft_left|soft_right,soft_left,-4.0,129,,F:near|B:unknown,1.9582,0.1
1,21,129,,F:near|B:unknown,soft_left|soft_right,soft_right,-20.0,76,332,F:danger|B:clear,-2.9142,0.1
1,22,76,332,F:danger|B:clear,turn_left|turn_right,turn_right,6.0,86,,F:danger|B:unknown,3.5655,0.1
1,23,86,,F:danger|B:unknown,turn_left|turn_right,turn_left,6.4,100,,F:danger|B:unknown,5.0649,0.1
1,24,100,,F:danger|B:unknown,turn_left|turn_right,turn_left,17.4,174,,F:near|B:unknown,7.5954,0.1
1,25,174,,F:near|B:unknown,soft_left|soft_right,soft_left,20.0,283,,F:medium|B:unknown,5.277,0.1
1,26,283,,F:medium|B:unknown,slow_forward,slow_forward,2.4,257,,F:medium|B:unknown,0.8723,0.1
1,27,257,,F:medium|B:unknown,slow_forward,slow_forward,0.5,212,,F:medium|B:unknown,0.9434,0.1
1,28,212,,F:medium|B:unknown,slow_forward,slow_forward,5.4,216,,F:medium|B:unknown,1.8951,0.1
1,29,216,,F:medium|B:unknown,slow_forward,slow_forward,-8.0,,,F:unknown|B:unknown,0.5243,0.1
1,30,,,F:unknown|B:unknown,stop,stop,3.0,85,,F:danger|B:unknown,3.8674,0.1
1,31,85,,F:danger|B:unknown,turn_left|turn_right,turn_left,18.7,172,,F:near|B:unknown,10.4301,0.1
1,32,172,,F:near|B:unknown,soft_left|soft_right,soft_left,-4.0,109,,F:near|B:unknown,4.443,0.1
1,33,109,,F:near|B:unknown,soft_left|soft_right,soft_left,-4.0,103,241,F:near|B:clear,2.9866,0.1
1,34,103,241,F:near|B:clear,soft_left|soft_right,soft_left,-8.0,,,F:unknown|B:unknown,-0.4994,0.1
1,35,,,F:unknown|B:unknown,stop,stop,3.0,85,,F:danger|B:unknown,5.3634,0.1
1,36,85,,F:danger|B:unknown,turn_left|turn_right,turn_left,14.0,125,,F:near|B:unknown,11.5458,0.1
1,37,125,,F:near|B:unknown,soft_left|soft_right,soft_left,16.0,559,,F:clear|B:unknown,5.4241,0.1
1,38,559,,F:clear|B:unknown,forward|slow_forward,forward,-12.0,137,,F:near|B:unknown,-0.8088,0.1
1,39,137,,F:near|B:unknown,soft_left|soft_right,soft_left,-4.0,125,,F:near|B:unknown,4.5869,0.1
1,40,125,,F:near|B:unknown,soft_left|soft_right,soft_left,-4.0,131,,F:near|B:unknown,3.7678,0.1
1,41,131,,F:near|B:unknown,soft_left|soft_right,soft_left,-4.0,117,,F:near|B:unknown,2.9665,0.1
1,42,117,,F:near|B:unknown,soft_left|soft_right,soft_left,14.3,160,158,F:near|B:clear,5.0699,0.1
1,43,160,158,F:near|B:clear,soft_left|soft_right,soft_left,-4.0,164,,F:near|B:unknown,0.4111,0.1
1,44,164,,F:near|B:unknown,soft_left|soft_right,soft_left,-20.0,91,133,F:danger|B:clear,1.1221,0.1
2,0,100,219,F:danger|B:clear,turn_left|turn_right,turn_right,13.0,130,,F:near|B:unknown,5.4414,0.0985
2,1,130,,F:near|B:unknown,soft_left|soft_right,soft_left,-20.0,77,,F:danger|B:unknown,-0.8511,0.0985
2,2,77,,F:danger|B:unknown,turn_left|turn_right,turn_left,13.0,107,,F:near|B:unknown,11.8709,0.0985
2,3,107,,F:near|B:unknown,soft_left|soft_right,soft_left,16.9,176,330,F:near|B:clear,3.4351,0.0985
2,4,176,330,F:near|B:clear,soft_left|soft_right,soft_left,6.5,191,,F:medium|B:unknown,1.5901,0.0985
2,5,191,,F:medium|B:unknown,slow_forward,slow_forward,-25.0,55,,F:extreme|B:unknown,-2.9885,0.0985
2,6,55,,F:extreme|B:unknown,escape_left|escape_right,escape_left,18.0,476,,F:clear|B:unknown,8.934,0.0985
2,7,476,,F:clear|B:unknown,forward|slow_forward,forward,-12.0,175,,F:near|B:unknown,-1.1239,0.0985
2,8,175,,F:near|B:unknown,soft_left|soft_right,soft_left,16.0,462,,F:clear|B:unknown,5.7918,0.0985
2,9,462,,F:clear|B:unknown,forward|slow_forward,forward,-12.0,157,,F:near|B:unknown,-0.7506,0.0985
2,10,157,,F:near|B:unknown,soft_left|soft_right,soft_right,16.0,385,,F:clear|B:unknown,3.303,0.0985
2,11,385,,F:clear|B:unknown,forward|slow_forward,forward,6.8,353,,F:clear|B:unknown,1.811,0.0985
2,12,353,,F:clear|B:unknown,forward|slow_forward,forward,-12.0,226,,F:medium|B:unknown,-0.6037,0.0985
2,13,226,,F:medium|B:unknown,slow_forward,slow_forward,-12.0,178,,F:near|B:unknown,-0.8736,0.0985
2,14,178,,F:near|B:unknown,soft_left|soft_right,soft_left,-20.0,62,,F:danger|B:unknown,3.0297,0.0985
2,15,62,,F:danger|B:unknown,turn_left|turn_right,turn_left,14.8,110,,F:near|B:unknown,12.9213,0.0985
2,16,110,,F:near|B:unknown,soft_left|soft_right,soft_right,6.4,124,,F:near|B:unknown,4.3837,0.0985
2,17,124,,F:near|B:unknown,soft_left|soft_right,soft_right,20.0,269,,F:medium|B:unknown,7.2659,0.0985
2,18,269,,F:medium|B:unknown,slow_forward,slow_forward,-2.0,267,,F:medium|B:unknown,0.0803,0.0985
2,19,267,,F:medium|B:unknown,slow_forward,slow_forward,-20.0,86,,F:danger|B:unknown,-1.1843,0.0985
2,20,86,,F:danger|B:unknown,turn_left|turn_right,turn_left,-4.0,93,,F:danger|B:unknown,11.9222,0.0985
2,21,93,,F:danger|B:unknown,turn_left|turn_right,turn_left,20.0,205,,F:medium|B:unknown,13.4475,0.0985
2,22,205,,F:medium|B:unknown,slow_forward,slow_forward,-20.0,91,,F:danger|B:unknown,-1.1009,0.0985
2,23,91,,F:danger|B:unknown,turn_left|turn_right,turn_left,14.6,137,,F:near|B:unknown,14.8059,0.0985
2,24,137,,F:near|B:unknown,soft_left|soft_right,soft_right,-25.0,56,,F:extreme|B:unknown,2.8732,0.0985
2,25,56,,F:extreme|B:unknown,escape_left|escape_right,escape_left,18.6,122,,F:near|B:unknown,11.1538,0.0985
2,26,122,,F:near|B:unknown,soft_left|soft_right,soft_left,-25.0,10,,F:extreme|B:unknown,-0.2489,0.0985
2,27,10,,F:extreme|B:unknown,escape_left|escape_right,escape_left,17.5,65,,F:danger|B:unknown,14.6414,0.0985
2,28,65,,F:danger|B:unknown,turn_left|turn_right,turn_left,17.3,138,,F:near|B:unknown,15.7099,0.0985
2,29,138,,F:near|B:unknown,soft_left|soft_right,soft_right,15.6,194,,F:medium|B:unknown,5.2353,0.0985
2,30,194,,F:medium|B:unknown,slow_forward,slow_forward,-12.0,149,,F:near|B:unknown,-0.9617,0.0985
2,31,149,,F:near|B:unknown,soft_left|soft_right,soft_right,-4.0,105,,F:near|B:unknown,4.4022,0.0985
2,32,105,,F:near|B:unknown,soft_left|soft_right,soft_right,-4.0,103,184,F:near|B:clear,3.1417,0.0985
2,33,103,184,F:near|B:clear,soft_left|soft_right,soft_left,-8.0,,,F:unknown|B:unknown,0.7135,0.0985
2,34,,,F:unknown|B:unknown,stop,stop,3.0,,,F:unknown|B:unknown,5.7875,0.0985
2,35,,,F:unknown|B:unknown,stop,stop,3.0,,,F:unknown|B:unknown,6.2025,0.0985
2,36,,,F:unknown|B:unknown,stop,stop,3.0,,,F:unknown|B:unknown,6.6086,0.0985
2,37,,,F:unknown|B:unknown,stop,stop,3.0,,,F:unknown|B:unknown,7.0058,0.0985
2,38,,,F:unknown|B:unknown,stop,stop,3.0,,,F:unknown|B:unknown,7.3945,0.0985
2,39,,,F:unknown|B:unknown,stop,stop,3.0,,,F:unknown|B:unknown,7.7748,0.0985
2,40,,,F:unknown|B:unknown,stop,stop,3.0,,,F:unknown|B:unknown,8.1468,0.0985
2,41,,,F:unknown|B:unknown,stop,stop,3.0,,,F:unknown|B:unknown,8.5109,0.0985
